Category,Category Order,Category Active,Item,Item Order,Item Active,Regular Price,Half Price,Quarter Price
Beverages,1,YES,Water 1 lt,1,YES,20,,
Beverages,1,YES,water 0.5lt,2,YES,10,,
Beverages,1,YES,water 2lt,3,YES,35,,
Beverages,1,YES,cool drink 12 rs,4,YES,12,,
Beverages,1,YES,Cool Drinks 20rs,5,YES,20,,
Beverages,1,YES,COCO CRUSH JUICE,6,YES,45,,
NAWABI ARABIAN AND TANDOOR DELIGHTS,2,YES,TANDOORI CHICKEN TIKKA,1,YES,180,,
NAWABI ARABIAN AND TANDOOR DELIGHTS,2,YES,CHICKEN PERI PERI TIKKA,2,YES,180,,
NAWABI ARABIAN AND TANDOOR DELIGHTS,2,YES,CHICKEN HARIYALI TIKKA,3,YES,180,,
NAWABI ARABIAN AND TANDOOR DELIGHTS,2,YES,RESHMI TIKKA,4,YES,180,,
NAWABI ARABIAN AND TANDOOR DELIGHTS,2,YES,MUTTON SHEEK,5,YES,320,,
NAWABI ARABIAN AND TANDOOR DELIGHTS,2,YES,MUTTON KOFTA,6,YES,320,,
NAWABI ARABIAN AND TANDOOR DELIGHTS,2,YES,CHICKEN SHEEK,7,YES,200,,
NAWABI ARABIAN AND TANDOOR DELIGHTS,2,YES,CHICKEN KOFTA,8,YES,200,,
NAWABI ARABIAN AND TANDOOR DELIGHTS,2,YES,MAHARANI KABAB,9,YES,380,,
NAWABI ARABIAN AND TANDOOR DELIGHTS,2,YES,MUTTON CHAPLI KABAB,10,YES,300,,
NAWABI BIRYANI AND KABAB HOUSE,3,YES,MUTTON BIRYANI,1,YES,265,175.0,
NAWABI BIRYANI AND KABAB HOUSE,3,YES,Mutton Khushka,2,YES,110,70.0,
NAWABI BIRYANI AND KABAB HOUSE,3,YES,CHICKEN BIRIYANI,3,YES,130,100.0,
NAWABI BIRYANI AND KABAB HOUSE,3,YES,CHICKEN KHUSHKA,4,YES,65,45.0,
NAWABI BIRYANI AND KABAB HOUSE,3,YES,CHICKEN 65 (1KG),5,YES,550,275.0,150.0
NAWABI BIRYANI AND KABAB HOUSE,3,YES,BOILED EGG,6,YES,20,,
NAWABI BIRYANI AND KABAB HOUSE,3,YES,Chicken 65 (Kabab),7,YES,65,,
NAWABI BIRYANI AND KABAB HOUSE,3,YES,Hyderabadi Chicken Biryani,8,YES,180,120.0,
NAWABI BIRYANI AND KABAB HOUSE,3,YES,Hyderabadi Chicken Khushka,9,YES,100,70.0,
NAWABI BIRYANI AND KABAB HOUSE,3,YES,SPECIAL CHICKEN BIRYANI,10,YES,160,,
NAWABI CHAI HOUSE,4,YES,Tea,1,YES,10,,
NAWABI CHAI HOUSE,4,YES,Coffee,2,YES,15,,
NAWABI CHAI HOUSE,4,YES,"Boost, Horlicks",3,YES,20,,
NAWABI CHAI HOUSE,4,YES,Green Tea,4,YES,15,,
NAWABI CHAI HOUSE,4,YES,LEMON TEA,5,YES,15,,
NAWABI CHAI HOUSE,4,YES,BLACK TEA,6,YES,15,,
NAWABI CHAI HOUSE,4,YES,BLACK COFFEE,7,YES,15,,
NAWABI CHINESE RICE AND NOODLES KITCHEN,5,YES,VEG FRIED RICE,1,YES,110,,
NAWABI CHINESE RICE AND NOODLES KITCHEN,5,YES,Gobi Fried Rice,2,YES,120,,
NAWABI CHINESE RICE AND NOODLES KITCHEN,5,YES,Mashroom Fried Rice,3,YES,140,,
NAWABI CHINESE RICE AND NOODLES KITCHEN,5,YES,Paneer Fried Rice,4,YES,160,,
NAWABI CHINESE RICE AND NOODLES KITCHEN,5,YES,EGG FRIED RICE,5,YES,120,,
NAWABI CHINESE RICE AND NOODLES KITCHEN,5,YES,CHICKEN FRIED RICE,6,YES,130,,
NAWABI CHINESE RICE AND NOODLES KITCHEN,5,YES,fish fried rice,7,YES,160,,
NAWABI CHINESE RICE AND NOODLES KITCHEN,5,YES,Shezwan VEG FRIED RICE,8,YES,140,,
NAWABI CHINESE RICE AND NOODLES KITCHEN,5,YES,Shezwan Gobi Fried Rice,9,YES,150,,
NAWABI CHINESE RICE AND NOODLES KITCHEN,5,YES,Shezwan Mashroom Fried Rice,10,YES,170,,
NAWABI CHINESE RICE AND NOODLES KITCHEN,5,YES,Shezwan Paneer Fried Rice,11,YES,190,,
NAWABI CHINESE RICE AND NOODLES KITCHEN,5,YES,Shezwan EGG FRIED RICE,12,YES,150,,
NAWABI CHINESE RICE AND NOODLES KITCHEN,5,YES,Shezwan CHICKEN FRIED RICE,13,YES,160,,
NAWABI CHINESE RICE AND NOODLES KITCHEN,5,YES,Shezwan fish fried rice,14,YES,190,,
NAWABI CHINESE RICE AND NOODLES KITCHEN,5,YES,VEG NOODLEs,15,YES,110,,
NAWABI CHINESE RICE AND NOODLES KITCHEN,5,YES,Gobi Noodles,16,YES,120,,
NAWABI CHINESE RICE AND NOODLES KITCHEN,5,YES,Mashroom Noodles,17,YES,140,,
NAWABI CHINESE RICE AND NOODLES KITCHEN,5,YES,Paneer Noodles,18,YES,160,,
NAWABI CHINESE RICE AND NOODLES KITCHEN,5,YES,EGG NOODLEs,19,YES,120,,
NAWABI CHINESE RICE AND NOODLES KITCHEN,5,YES,CHICKEN NOODLEs,20,YES,130,,
NAWABI CHINESE RICE AND NOODLES KITCHEN,5,YES,fish noddle,21,YES,160,,
NAWABI CHINESE RICE AND NOODLES KITCHEN,5,YES,Shezwan VEG Noodles,22,YES,140,,
NAWABI CHINESE RICE AND NOODLES KITCHEN,5,YES,Shezwan Gobi Noodles,23,YES,150,,
NAWABI CHINESE RICE AND NOODLES KITCHEN,5,YES,Shezwan Mashroom Noodles,24,YES,170,,
NAWABI CHINESE RICE AND NOODLES KITCHEN,5,YES,Shezwan Paneer Noodles,25,YES,190,,
NAWABI CHINESE RICE AND NOODLES KITCHEN,5,YES,Shezwan EGG Noodles,26,YES,150,,
NAWABI CHINESE RICE AND NOODLES KITCHEN,5,YES,Shezwan CHICKEN Noodles,27,YES,160,,
NAWABI CHINESE RICE AND NOODLES KITCHEN,5,YES,Shezwan fish Noodles,28,YES,190,,
NAWABI COMBOS,6,YES,Ice Cream,1,YES,0,,
NAWABI COMBOS,6,YES,PHULKA COMBO,2,YES,120,,
NAWABI COMBOS,6,YES,CHAPATHI COMBO,3,YES,120,,
NAWABI COOLERS AND FALOODAS,7,YES,Mint Lime,1,YES,80,,
NAWABI COOLERS AND FALOODAS,7,YES,Fresh Lime,2,YES,60,,
NAWABI COOLERS AND FALOODAS,7,YES,SWEET LIME,3,YES,80,,
NAWABI COOLERS AND FALOODAS,7,YES,FRESH LIME SODA,4,YES,80,,
NAWABI COOLERS AND FALOODAS,7,YES,MINT LIME SODA,5,YES,100,,
NAWABI COOLERS AND FALOODAS,7,YES,NAWABI SPECIAL FALUDA,6,YES,200,,
NAWABI COOLERS AND FALOODAS,7,YES,ROYAL FALUDA,7,YES,180,,
NAWABI COOLERS AND FALOODAS,7,YES,CAPITAL FALUDA,8,YES,150,,
NAWABI COOLERS AND FALOODAS,7,YES,PISTA FALUDA,9,YES,150,,
NAWABI COOLERS AND FALOODAS,7,YES,STRAWBERRY FALUDA,10,YES,150,,
NAWABI COOLERS AND FALOODAS,7,YES,CHOCOLATE FALUDA,11,YES,150,,
NAWABI COOLERS AND FALOODAS,7,YES,MANGO MILK SHAKE,12,YES,100,,
NAWABI COOLERS AND FALOODAS,7,YES,BUTTERSCOTCH MILK SHAKE,13,YES,110,,
NAWABI COOLERS AND FALOODAS,7,YES,CHOCOLATE MILK SHAKE,14,YES,100,,
NAWABI COOLERS AND FALOODAS,7,YES,PISTA MILK SHAKE,15,YES,110,,
NAWABI COOLERS AND FALOODAS,7,YES,STRAWBERRY MILK SHAKE,16,YES,90,,
NAWABI COOLERS AND FALOODAS,7,YES,VENILLA MILK SHAKE,17,YES,90,,
NAWABI COOLERS AND FALOODAS,7,YES,BLUEBERRY MILK SHAKE,18,YES,90,,
NAWABI COOLERS AND FALOODAS,7,YES,BLUE LIME MOJITO,19,YES,100,,
NAWABI COOLERS AND FALOODAS,7,YES,MINT MOJITO,20,YES,100,,
NAWABI COOLERS AND FALOODAS,7,YES,BLUE BERRY MOJITO,21,YES,100,,
NAWABI COOLERS AND FALOODAS,7,YES,STRAWBERRY MOJITO,22,YES,100,,
NAWABI COOLERS AND FALOODAS,7,YES,APPLE JUICE,23,YES,70,,
NAWABI CURRY DELIGHTS,8,YES,ANDA MASALA,1,YES,30,,
NAWABI CURRY DELIGHTS,8,YES,CHICKEN MASALA,2,YES,150,100.0,
NAWABI CURRY DELIGHTS,8,YES,Butter Chicken,3,YES,220,,
NAWABI CURRY DELIGHTS,8,YES,Kadai Chicken,4,YES,180,,
NAWABI CURRY DELIGHTS,8,YES,Chetinad Chicken,5,YES,180,,
NAWABI CURRY DELIGHTS,8,YES,Paneer MASALA,6,YES,180,,
NAWABI CURRY DELIGHTS,8,YES,Butter Paneer,7,YES,250,,
NAWABI CURRY DELIGHTS,8,YES,Kadai Paneer,8,YES,210,,
NAWABI CURRY DELIGHTS,8,YES,Chetinad Paneer,9,YES,210,,
NAWABI CURRY DELIGHTS,8,YES,Mashroom MASALA,10,YES,160,,
NAWABI CURRY DELIGHTS,8,YES,Kadai Mashroom,11,YES,190,,
NAWABI CURRY DELIGHTS,8,YES,Butter Mahroom,12,YES,230,,
NAWABI CURRY DELIGHTS,8,YES,Chetinad Mashroom,13,YES,190,,
NAWABI CURRY DELIGHTS,8,YES,Gobi MASALA,14,YES,130,,
NAWABI CURRY DELIGHTS,8,YES,Kadai Gobi,15,YES,160,,
NAWABI CURRY DELIGHTS,8,YES,Butter Gobi,16,YES,200,,
NAWABI CURRY DELIGHTS,8,YES,Chetinad Gobi,17,YES,160,,
NAWABI CURRY DELIGHTS,8,YES,Mix veg curry,18,YES,170,,
NAWABI FISH DELIGHTS,9,YES,Fish Curry,1,YES,160,,
NAWABI FISH DELIGHTS,9,YES,Plate Fish(boneless),2,YES,400,250.0,150.0
NAWABI FISH DELIGHTS,9,YES,TAWA FISH FRY,3,YES,190,,
NAWABI FISH DELIGHTS,9,YES,FISH 65,4,YES,190,,
NAWABI FISH DELIGHTS,9,YES,CHILLI FISH,5,YES,215,,
NAWABI FISH DELIGHTS,9,YES,FISH MANCHURIAN,6,YES,215,,
NAWABI FISH DELIGHTS,9,YES,GARLIC FISH,7,YES,215,,
NAWABI FISH DELIGHTS,9,YES,KING FISH FRY,8,YES,250,130.0,
NAWABI FISH DELIGHTS,9,YES,BANGDA FISH FRY,9,YES,150,80.0,
NAWABI GRILL,10,YES,Chicken Grill,1,YES,475,265.0,150.0
NAWABI GRILL,10,YES,CHICKEN GRILL Fry,2,YES,575,325.0,175.0
NAWABI GRILL,10,YES,CHICKEN GRILL PEPPER Fry,3,YES,575,325.0,175.0
NAWABI GRILL,10,YES,CHICKEN GRILL PERI PERI Fry,4,YES,600,340.0,190.0
NAWABI GRILL,10,YES,ALFAM CHICKEN,5,YES,475,265.0,150.0
NAWABI GRILL,10,YES,BARBEQUE CHICKEN,6,YES,475,265.0,150.0
NAWABI GRILL,10,YES,MOROCAN BARBEQUE,7,YES,530,290.0,165.0
NAWABI GRILL,10,YES,PEPPER BARBEQUE,8,YES,530,290.0,165.0
NAWABI GRILL,10,YES,PERI PERI BARBEQUE,9,YES,530,290.0,165.0
NAWABI MANDI,11,YES,CHICKEN MANDI,1,YES,230,,
NAWABI MANDI,11,YES,MIX MANDI,2,YES,320,,
NAWABI ROTIS AND SHAWARMA,12,YES,OMLET,1,YES,25,,
NAWABI ROTIS AND SHAWARMA,12,YES,DOUBLE OMLET,2,YES,40,,
NAWABI ROTIS AND SHAWARMA,12,YES,PAROTA,3,YES,45,,
NAWABI ROTIS AND SHAWARMA,12,YES,NOOL PAROTA,4,YES,65,,
NAWABI ROTIS AND SHAWARMA,12,YES,PAROTA 1pic,5,YES,20,,
NAWABI ROTIS AND SHAWARMA,12,YES,PHULKA,6,YES,50,,
NAWABI ROTIS AND SHAWARMA,12,YES,SINGLE PHULKA,7,YES,20,,
NAWABI ROTIS AND SHAWARMA,12,YES,CHAPATHI,8,YES,45,,
NAWABI ROTIS AND SHAWARMA,12,YES,SHARWAMA,9,YES,100,,
NAWABI ROTIS AND SHAWARMA,12,YES,Special Shawarma,10,YES,130,,
NAWABI ROTIS AND SHAWARMA,12,YES,PLATE SHAWARMA,11,YES,150,,
NAWABI ROTIS AND SHAWARMA,12,YES,PERI PERI SHAWARMA,12,YES,120,,
NAWABI SIGNATURE STARTERS,13,YES,CHILLI CHICKEN,1,YES,190,,
NAWABI SIGNATURE STARTERS,13,YES,CHICKEN MANCHURIAN,2,YES,190,,
NAWABI SIGNATURE STARTERS,13,YES,PEPPER CHICKEN,3,YES,190,,
NAWABI SIGNATURE STARTERS,13,YES,DRAGON CHICKEN,4,YES,210,,
NAWABI SIGNATURE STARTERS,13,YES,GARLIC CHICKEN,5,YES,190,,
NAWABI SIGNATURE STARTERS,13,YES,GINGER CHICKEN,6,YES,190,,
NAWABI SIGNATURE STARTERS,13,YES,LEMON CHICKEN,7,YES,190,,
NAWABI SIGNATURE STARTERS,13,YES,HONEY CHICKEN,8,YES,210,,
NAWABI SIGNATURE STARTERS,13,YES,VOLCANO CHICKEN,9,YES,210,,
NAWABI SIGNATURE STARTERS,13,YES,CHICKEN LOLLIPOP,10,YES,170,,
NAWABI SIGNATURE STARTERS,13,YES,CHICKEN SAUCY LOLLIPOP,11,YES,190,,
NAWABI SIGNATURE STARTERS,13,YES,Cruncy CHICKEN LOLLIPOP,12,YES,200,,
NAWABI SIGNATURE STARTERS,13,YES,CHILLI Fish,13,YES,200,,
NAWABI SIGNATURE STARTERS,13,YES,Fish MANCHURIAN,14,YES,200,,
NAWABI SIGNATURE STARTERS,13,YES,PEPPER Fish,15,YES,200,,
NAWABI SIGNATURE STARTERS,13,YES,DRAGON Fish,16,YES,220,,
NAWABI SIGNATURE STARTERS,13,YES,GARLIC Fish,17,YES,200,,
NAWABI SIGNATURE STARTERS,13,YES,GINGER Fish,18,YES,200,,
NAWABI SIGNATURE STARTERS,13,YES,LEMON Fish,19,YES,200,,
NAWABI SIGNATURE STARTERS,13,YES,HONEY Fish,20,YES,200,,
NAWABI SIGNATURE STARTERS,13,YES,CHILLI Egg,21,YES,170,,
NAWABI SIGNATURE STARTERS,13,YES,Egg MANCHURIAN,22,YES,170,,
NAWABI SIGNATURE STARTERS,13,YES,Egg Lolipop,23,YES,220,,
NAWABI SIGNATURE STARTERS,13,YES,CHILLI paneer,24,YES,200,,
NAWABI SIGNATURE STARTERS,13,YES,paneer MANCHURIAN,25,YES,200,,
NAWABI SIGNATURE STARTERS,13,YES,PEPPER paneer,26,YES,200,,
NAWABI SIGNATURE STARTERS,13,YES,DRAGON paneer,27,YES,210,,
NAWABI SIGNATURE STARTERS,13,YES,GARLIC paneer,28,YES,200,,
NAWABI SIGNATURE STARTERS,13,YES,GINGER paneer,29,YES,200,,
NAWABI SIGNATURE STARTERS,13,YES,LEMON paneer,30,YES,200,,
NAWABI SIGNATURE STARTERS,13,YES,HONEY paneer,31,YES,220,,
NAWABI SIGNATURE STARTERS,13,YES,CHILLI Mashroom,32,YES,190,,
NAWABI SIGNATURE STARTERS,13,YES,Mashroom MANCHURIAN,33,YES,190,,
NAWABI SIGNATURE STARTERS,13,YES,PEPPER Mashroom,34,YES,190,,
NAWABI SIGNATURE STARTERS,13,YES,DRAGON Mashroom,35,YES,210,,
NAWABI SIGNATURE STARTERS,13,YES,GARLIC Mashroom,36,YES,190,,
NAWABI SIGNATURE STARTERS,13,YES,GINGER Mashroom,37,YES,190,,
NAWABI SIGNATURE STARTERS,13,YES,LEMON Mashroom,38,YES,190,,
NAWABI SIGNATURE STARTERS,13,YES,CHILLI Gobi,39,YES,160,,
NAWABI SIGNATURE STARTERS,13,YES,Gobi MANCHURIAN,40,YES,160,,
NAWABI SIGNATURE STARTERS,13,YES,PEPPER Gobi,41,YES,160,,
NAWABI SIGNATURE STARTERS,13,YES,DRAGON Gobi,42,YES,180,,
NAWABI SIGNATURE STARTERS,13,YES,GARLIC Gobi,43,YES,160,,
NAWABI SIGNATURE STARTERS,13,YES,GINGER Gobi,44,YES,160,,
NAWABI SIGNATURE STARTERS,13,YES,LEMON Gobi,45,YES,160,,
NAWABI SWEET DELIGHTS (SEASONAL),14,YES,SHAHI JAMOON,1,YES,30,,
NAWABI SWEET DELIGHTS (SEASONAL),14,YES,Badam Dal Halwa,2,YES,50,30.0,
NAWABI SWEET DELIGHTS (SEASONAL),14,YES,SHAHI Kheer,3,YES,50,30.0,
